{"users":{"alberto@contador.com":{"name":"Alberto Contador","email":"alberto@contador.com","password":"contador","photo":"5cfd965b5250220390c96bcc","testimonials":[{"status":2,"text":"El mejor!","author":"egan@bernal.com","authorId":"ZWdhbkBiZXJuYWwuY29t","_id":"MTU2MDEyMzEzMzgwNWFsYmVydG9AY29udGFkb3IuY29t"}]},"egan@bernal.com":{"name":"Egan Bernal","email":"egan@bernal.com","password":"bernal","photo":"5cfd97555250220390c96bce"},"aaa@aaa.com.br":{"name":"Robson Santos","email":"aaa@aaa.com.br","password":"aaa","photo":"5cffcca3e9117b4a68766891","testimonials":[{"status":2,"text":"Precisa treinar mais.","author":"henrique@avancini.com.br","authorId":"aGVucmlxdWVAYXZhbmNpbmkuY29tLmJy","_id":"MTU2MDExNzY3MDg5OWFhYUBhYWEuY29tLmJy"},{"status":2,"text":"Te  curto pacas!","author":"nairo@quintana.com","authorId":"bmFpcm9AcXVpbnRhbmEuY29t","_id":"MTU2MDExODE5ODcwMmFhYUBhYWEuY29tLmJy"}]},"cris@froome.com":{"name":"Cris Froome ","email":"cris@froome.com","password":"froome","photo":"5cfc97d4bb49be08b088b3f1","testimonials":[{"status":2,"text":"Ola Cris, vc usou Saubutamol no Giro de 2018?","author":"aaa@aaa.com.br","authorId":"YWFhQGFhYS5jb20uYnI=","_id":"MTU2MDA2NDg1OTg2N2NyaXNAZnJvb21lLmNvbQ=="},{"status":1,"text":"Vc é gay!","author":"aaa@aaa.com.br","authorId":"YWFhQGFhYS5jb20uYnI=","_id":"MTU2MDA5MTcxODE0NGNyaXNAZnJvb21lLmNvbQ=="},{"status":1,"text":"Parabéns pelo desemprnho no tour de 2015!","author":"aaa@aaa.com.br","authorId":"YWFhQGFhYS5jb20uYnI=","_id":"MTU2MDEwMTkwOTA5NWNyaXNAZnJvb21lLmNvbQ=="},{"status":1,"text":"O melhor piloto de road bike.","author":"henrique@avancini.com.br","authorId":"aGVucmlxdWVAYXZhbmNpbmkuY29tLmJy","_id":"MTU2MDExNzU1ODY5NGNyaXNAZnJvb21lLmNvbQ=="}]},"henrique@avancini.com.br":{"name":"Henrique Avancini","email":"henrique@avancini.com.br","password":"avancini","testimonials":[{"status":2,"text":"Melhor piloto de MTB do brasil!","author":"aaa@aaa.com.br","authorId":"YWFhQGFhYS5jb20uYnI=","_id":"MTU2MDExNzU5MTAwMGhlbnJpcXVlQGF2YW5jaW5pLmNvbS5icg=="}],"photo":"5cfd81085250220390c96bc4"},"mario@conti.com.br":{"name":"Mario Conti","email":"mario@conti.com.br","password":"mario","testimonials":[{"status":2,"text":"Representante do cliclismo de doping.","author":"henrique@avancini.com.br","authorId":"aGVucmlxdWVAYXZhbmNpbmkuY29tLmJy","_id":"MTU2MDExNzkwODU3NG1hcmlvQGNvbnRpLmNvbS5icg=="}],"photo":"5cfd85235250220390c96bc9"},"marco@pantani.com":{"name":"Marco Pantani","email":"marco@pantani.com","password":"pantani","testimonials":[{"status":2,"text":"pantani","author":"aaa@aaa.com.br","authorId":"YWFhQGFhYS5jb20uYnI=","_id":"MTU1OTQ0MDA1MzUxMm1hcmNvQHBhbnRhbmkuY29t"},{"status":2,"text":"teste de novo depoimento sobre a pessoa.","author":"aaa@aaa.com.br","authorId":"YWFhQGFhYS5jb20uYnI=","_id":"MTU1OTQ0ODkzNjU1Mm1hcmNvQHBhbnRhbmkuY29t"},{"status":1,"text":"teste de novo depoimento sobre a pessoa.","author":"aaa@aaa.com.br","authorId":"YWFhQGFhYS5jb20uYnI=","_id":"MTU1OTQ0ODk1MTI4MW1hcmNvQHBhbnRhbmkuY29t"},{"status":1,"text":"teste de novo depoimento sobre a pessoa.","author":"aaa@aaa.com.br","authorId":"YWFhQGFhYS5jb20uYnI=","_id":"MTU1OTQ0ODk2MDMzM21hcmNvQHBhbnRhbmkuY29t"},{"status":1,"text":"Volta dopado!","author":"nairo@quintana.com","authorId":"bmFpcm9AcXVpbnRhbmEuY29t","_id":"MTU2MDExODIxNzA2MW1hcmNvQHBhbnRhbmkuY29t"},{"status":1,"text":"Inpiracion!","author":"egan@bernal.com","authorId":"ZWdhbkBiZXJuYWwuY29t","_id":"MTU2MDEyMzE0NzE2M21hcmNvQHBhbnRhbmkuY29t"}],"photo":"5cfc9e81bb49be08b088b3f2"},"nairo@quintana.com":{"name":"Nairo Quintana","email":"nairo@quintana.com","password":"quintana","testimonials":[{"status":2,"text":"Lhe falta a humildade.","author":"henrique@avancini.com.br","authorId":"aGVucmlxdWVAYXZhbmNpbmkuY29tLmJy","_id":"MTU2MDExNzg3ODk2NW5haXJvQHF1aW50YW5hLmNvbQ=="}],"photo":"5cfd83ff5250220390c96bc6"},"vicenzo@nibali.com":{"name":"Vicenzo Nibali","email":"vicenzo@nibali.com","password":"nibali","testimonials":[{"status":2,"text":"Ja foi melhor.","author":"henrique@avancini.com.br","authorId":"aGVucmlxdWVAYXZhbmNpbmkuY29tLmJy","_id":"MTU2MDExNzg4OTIzM3ZpY2Vuem9AbmliYWxpLmNvbQ=="},{"status":2,"text":"Andei com voce na Astana, top!","author":"mario@conti.com.br","authorId":"bWFyaW9AY29udGkuY29tLmJy","_id":"MTU2MDExODYxMjAzMnZpY2Vuem9AbmliYWxpLmNvbQ=="}],"photo":"5cfd86055250220390c96bca"}}}